{
  "project_info": {
    "project_number": "160443303684",
    "project_id": "dopaminecut-e595c",
    "storage_bucket": "dopaminecut-e595c.firebasestorage.app"
  },
  "client": [
    {
      "client_info": {
        "mobilesdk_app_id": "1:160443303684:android:1cd7e2e8daae5dbea33251",
        "android_client_info": {
          "package_name": "com.example.dopaminecut"
        }
      },
      "oauth_client": [],
      "api_key": [
        {
          "current_key": "AIzaSyCSlMfKxDVONqavM7CbfI9Yd4nkk36p28A"
        }
      ],
      "services": {
        "appinvite_service": {
          "other_platform_oauth_client": []
        }
      }
    }
  ],
  "configuration_version": "1"
}